action,new_state,reward,state
106.0,"[ 60 180 320  60 180 320  60 180 320  60 180 320  60 180 320  60 180 320
  60 180 320  40  40  40  40  40  40  40  40  40  40  40  40  40  40  40
  40  40  40  40  40  40   1   1   1   1   1   1   1   1   1   1   1   1
   1   1   1   1   1   1   1   1   1]",-5.8433673202388,"[ 60 180 320  60 180 320  60 180 320  60 180 320  60 180 320  60 180 320
  60 180 320  40  40  40  40  40  40  40  40  40  40  40  40  40  40  40
  40  40  40  40  40  40   1   1   1   1   1   1   1   1   1   1   1   1
   1   1   1   1   1   1   1   1   1]"
42.0,"[ 60 180 320  60 180 320  60 200 320  60 180 320  60 180 320  60 180 320
  60 180 320  40  40  40  40  40  40  40  40  40  40  40  40  40  40  40
  40  40  40  40  40  40   1   1   1   1   1   1   1   1   1   1   1   1
   1   1   1   1   1   1   1   1   1]",-6.40600009280502,"[ 60 180 320  60 180 320  60 180 320  60 180 320  60 180 320  60 180 320
  60 180 320  40  40  40  40  40  40  40  40  40  40  40  40  40  40  40
  40  40  40  40  40  40   1   1   1   1   1   1   1   1   1   1   1   1
   1   1   1   1   1   1   1   1   1]"
